{
    "intents": [
        {
            "intent": "GetMovie",
            "slots": [
                {
                    "name": "movies",
                    "type": "LIST_OF_MOVIES"
                }
            ]
        },
      	{
            "intent": "GetActor",
            "slots": [
                {
                    "name": "actors",
                    "type": "LIST_OF_ACTORS"
                }
            ]
        },
      	{
          "intent":"No"
        },
      	{
          "intent":"Yes"
      	},
        {
            "intent": "AMAZON.HelpIntent"
        },
        {
            "intent": "AMAZON.StopIntent"
        },
        {
            "intent": "AMAZON.CancelIntent"
        }
    ]
}
